{
  "best_experiment": "random_forest_balanced",
  "decision_tree_best_experiment": "decision_tree_balanced",
  "random_forest_best_experiment": "random_forest_balanced",
  "logistic_regression_best_experiment": null,
  "results": [
    {
      "experiment": "decision_tree_balanced",
      "model_type": "DecisionTreeClassifier",
      "train_samples": 80000,
      "train_positive_ratio": 0.100625,
      "val_accuracy": 0.7341,
      "val_precision_class_1": 0.22068266306184522,
      "val_recall_class_1": 0.6491053677932406,
      "val_f1_class_1": 0.3293820933165195,
      "test_accuracy": 0.7293,
      "test_precision_class_0": 0.9440598954654612,
      "test_recall_class_0": 0.7430509228374472,
      "test_f1_class_0": 0.8315809120885957,
      "test_precision_class_1": 0.20883259157822665,
      "test_recall_class_1": 0.6063618290258449,
      "test_f1_class_1": 0.3106697224344283,
      "test_macro_f1": 0.571125317261512,
      "test_weighted_f1": 0.7791772464093865,
      "tn": 6683,
      "fp": 2311,
      "fn": 396,
      "tp": 610,
      "val_report": {
        "0": {
          "precision": 0.9498650759835251,
          "recall": 0.7436068490104514,
          "f1-score": 0.8341752416588712,
          "support": 8994.0
        },
        "1": {
          "precision": 0.22068266306184522,
          "recall": 0.6491053677932406,
          "f1-score": 0.3293820933165195,
          "support": 1006.0
        },
        "accuracy": 0.7341,
        "macro avg": {
          "precision": 0.5852738695226851,
          "recall": 0.6963561084018459,
          "f1-score": 0.5817786674876954,
          "support": 10000.0
        },
        "weighted avg": {
          "precision": 0.8765093252436041,
          "recall": 0.7341,
          "f1-score": 0.7833930509356307,
          "support": 10000.0
        }
      },
      "test_report": {
        "0": {
          "precision": 0.9440598954654612,
          "recall": 0.7430509228374472,
          "f1-score": 0.8315809120885957,
          "support": 8994.0
        },
        "1": {
          "precision": 0.20883259157822665,
          "recall": 0.6063618290258449,
          "f1-score": 0.3106697224344283,
          "support": 1006.0
        },
        "accuracy": 0.7293,
        "macro avg": {
          "precision": 0.5764462435218439,
          "recall": 0.6747063759316461,
          "f1-score": 0.571125317261512,
          "support": 10000.0
        },
        "weighted avg": {
          "precision": 0.8700960286944055,
          "recall": 0.7293,
          "f1-score": 0.7791772464093865,
          "support": 10000.0
        }
      },
      "test_confusion_matrix": [
        [
          6683,
          2311
        ],
        [
          396,
          610
        ]
      ]
    },
    {
      "experiment": "decision_tree_smote",
      "model_type": "DecisionTreeClassifier",
      "train_samples": 143900,
      "train_positive_ratio": 0.5,
      "val_accuracy": 0.753,
      "val_precision_class_1": 0.22146118721461186,
      "val_recall_class_1": 0.5785288270377733,
      "val_f1_class_1": 0.3203082003302146,
      "test_accuracy": 0.7486,
      "test_precision_class_0": 0.937365010799136,
      "test_recall_class_0": 0.7720702690682677,
      "test_f1_class_0": 0.8467260090232899,
      "test_precision_class_1": 0.20910493827160495,
      "test_recall_class_1": 0.5387673956262425,
      "test_f1_class_1": 0.30127848804891605,
      "test_macro_f1": 0.5740022485361029,
      "test_weighted_f1": 0.7918539884132678,
      "tn": 6944,
      "fp": 2050,
      "fn": 464,
      "tp": 542,
      "val_report": {
        "0": {
          "precision": 0.9424850786760717,
          "recall": 0.7725150100066711,
          "f1-score": 0.8490773554930955,
          "support": 8994.0
        },
        "1": {
          "precision": 0.22146118721461186,
          "recall": 0.5785288270377733,
          "f1-score": 0.3203082003302146,
          "support": 1006.0
        },
        "accuracy": 0.753,
        "macro avg": {
          "precision": 0.5819731329453418,
          "recall": 0.6755219185222222,
          "f1-score": 0.5846927779116551,
          "support": 10000.0
        },
        "weighted avg": {
          "precision": 0.8699500751950487,
          "recall": 0.753,
          "f1-score": 0.7958831784837097,
          "support": 10000.0
        }
      },
      "test_report": {
        "0": {
          "precision": 0.937365010799136,
          "recall": 0.7720702690682677,
          "f1-score": 0.8467260090232899,
          "support": 8994.0
        },
        "1": {
          "precision": 0.20910493827160495,
          "recall": 0.5387673956262425,
          "f1-score": 0.30127848804891605,
          "support": 1006.0
        },
        "accuracy": 0.7486,
        "macro avg": {
          "precision": 0.5732349745353705,
          "recall": 0.6554188323472552,
          "f1-score": 0.5740022485361029,
          "support": 10000.0
        },
        "weighted avg": {
          "precision": 0.8641020475028663,
          "recall": 0.7486,
          "f1-score": 0.7918539884132678,
          "support": 10000.0
        }
      },
      "test_confusion_matrix": [
        [
          6944,
          2050
        ],
        [
          464,
          542
        ]
      ]
    },
    {
      "experiment": "random_forest_balanced",
      "model_type": "RandomForestClassifier",
      "train_samples": 80000,
      "train_positive_ratio": 0.100625,
      "val_accuracy": 0.7432,
      "val_precision_class_1": 0.22166785459729152,
      "val_recall_class_1": 0.6182902584493042,
      "val_f1_class_1": 0.32633788037775446,
      "test_accuracy": 0.7404,
      "test_precision_class_0": 0.9422173071606303,
      "test_recall_class_0": 0.7578385590393596,
      "test_f1_class_0": 0.8400295785062855,
      "test_precision_class_1": 0.21258134490238612,
      "test_recall_class_1": 0.584493041749503,
      "test_f1_class_1": 0.3117709437963945,
      "test_macro_f1": 0.57590026115134,
      "test_weighted_f1": 0.7868867598544704,
      "tn": 6816,
      "fp": 2178,
      "fn": 418,
      "tp": 588,
      "val_report": {
        "0": {
          "precision": 0.9466221851542952,
          "recall": 0.7571714476317545,
          "f1-score": 0.8413639733135656,
          "support": 8994.0
        },
        "1": {
          "precision": 0.22166785459729152,
          "recall": 0.6182902584493042,
          "f1-score": 0.32633788037775446,
          "support": 1006.0
        },
        "accuracy": 0.7432,
        "macro avg": {
          "precision": 0.5841450198757934,
          "recall": 0.6877308530405293,
          "f1-score": 0.58385092684566,
          "support": 10000.0
        },
        "weighted avg": {
          "precision": 0.8736917795002606,
          "recall": 0.7432,
          "f1-score": 0.789552348364223,
          "support": 10000.0
        }
      },
      "test_report": {
        "0": {
          "precision": 0.9422173071606303,
          "recall": 0.7578385590393596,
          "f1-score": 0.8400295785062855,
          "support": 8994.0
        },
        "1": {
          "precision": 0.21258134490238612,
          "recall": 0.584493041749503,
          "f1-score": 0.3117709437963945,
          "support": 1006.0
        },
        "accuracy": 0.7404,
        "macro avg": {
          "precision": 0.5773993260315082,
          "recall": 0.6711658003944313,
          "f1-score": 0.57590026115134,
          "support": 10000.0
        },
        "weighted avg": {
          "precision": 0.868815929357451,
          "recall": 0.7404,
          "f1-score": 0.7868867598544704,
          "support": 10000.0
        }
      },
      "test_confusion_matrix": [
        [
          6816,
          2178
        ],
        [
          418,
          588
        ]
      ]
    },
    {
      "experiment": "random_forest_smote",
      "model_type": "RandomForestClassifier",
      "train_samples": 143900,