feature,importance
CGPA,0.5278560647672758
Stress_Level,0.1036843436714338
Sleep_Duration,0.0979602028058178
Physical_Activity,0.07207759562922292
Study_Hours,0.06991665496982667
Social_Media_Hours,0.06619474358807116
Age,0.029176229026619288
Department,0.023915381152949885
Gender,0.009218784388782859
