{
  "best_experiment": "random_forest_balanced",
  "decision_tree_best_experiment": "decision_tree_balanced",
  "random_forest_best_experiment": "random_forest_balanced",
  "results": [
    {
      "experiment": "logistic_smote",
      "model_type": "LogisticRegression",
      "train_samples": 143900,
      "train_positive_ratio": 0.5,
      "val_accuracy": 0.6215,
      "val_precision_class_1": 0.16686645888276191,
      "val_recall_class_1": 0.6918489065606361,
      "val_f1_class_1": 0.2688815916553989,
      "test_accuracy": 0.6166,
      "test_precision_class_0": 0.9389248043552229,
      "test_recall_class_0": 0.6136313097620636,
      "test_f1_class_0": 0.742200107584723,
      "test_precision_class_1": 0.15696263949539058,
      "test_recall_class_1": 0.643141153081511,
      "test_f1_class_1": 0.25234009360374415,
      "test_macro_f1": 0.4972701005942336,
      "test_weighted_f1": 0.6929201901782365,
      "tn": 5519,
      "fp": 3475,
      "fn": 359,
      "tp": 647,
      "val_report": {
        "0": {
          "precision": 0.9468176359581403,
          "recall": 0.6136313097620636,
          "f1-score": 0.744653578897659,
          "support": 8994.0
        },
        "1": {
          "precision": 0.16686645888276191,
          "recall": 0.6918489065606361,
          "f1-score": 0.2688815916553989,
          "support": 1006.0
        },
        "accuracy": 0.6215,
        "macro avg": {
          "precision": 0.5568420474204511,
          "recall": 0.6527401081613499,
          "f1-score": 0.506767585276529,
          "support": 10000.0
        },
        "weighted avg": {
          "precision": 0.868354547544357,
          "recall": 0.6215,
          "f1-score": 0.6967909169810876,
          "support": 10000.0
        }
      },
      "test_report": {
        "0": {
          "precision": 0.9389248043552229,
          "recall": 0.6136313097620636,
          "f1-score": 0.742200107584723,
          "support": 8994.0
        },
        "1": {
          "precision": 0.15696263949539058,
          "recall": 0.643141153081511,
          "f1-score": 0.25234009360374415,
          "support": 1006.0
        },
        "accuracy": 0.6166,
        "macro avg": {
          "precision": 0.5479437219253067,
          "recall": 0.6283862314217873,
          "f1-score": 0.4972701005942336,
          "support": 10000.0
        },
        "weighted avg": {
          "precision": 0.8602594105703237,
          "recall": 0.6166,
          "f1-score": 0.6929201901782365,
          "support": 10000.0
        }
      },
      "test_confusion_matrix": [
        [
          5519,
          3475
        ],
        [
          359,
          647
        ]
      ]
    },
    {
      "experiment": "logistic_balanced",
      "model_type": "LogisticRegression",
      "train_samples": 80000,
      "train_positive_ratio": 0.100625,
      "val_accuracy": 0.621,
      "val_precision_class_1": 0.16666666666666666,
      "val_recall_class_1": 0.6918489065606361,
      "val_f1_class_1": 0.26862215360864533,
      "test_accuracy": 0.6155,
      "test_precision_class_0": 0.9389599317988064,
      "test_recall_class_0": 0.6122970869468535,
      "test_f1_class_0": 0.7412342687933239,
      "test_precision_class_1": 0.15671100362756954,
      "test_recall_class_1": 0.6441351888667992,
      "test_f1_class_1": 0.2520910328729819,
      "test_macro_f1": 0.49666265083315286,
      "test_weighted_f1": 0.6920264592597375,
      "tn": 5507,
      "fp": 3487,
      "fn": 358,
      "tp": 648,
      "val_report": {
        "0": {
          "precision": 0.946771978021978,
          "recall": 0.6130753835890593,
          "f1-score": 0.7442299905520313,
          "support": 8994.0
        },
        "1": {
          "precision": 0.16666666666666666,
          "recall": 0.6918489065606361,
          "f1-score": 0.26862215360864533,
          "support": 1006.0
        },
        "accuracy": 0.621,
        "macro avg": {
          "precision": 0.5567193223443223,
          "recall": 0.6524621450748478,
          "f1-score": 0.5064260720803383,
          "support": 10000.0
        },
        "weighted avg": {
          "precision": 0.8682933836996335,
          "recall": 0.621,
          "f1-score": 0.6963838421555267,
          "support": 10000.0
        }
      },
      "test_report": {
        "0": {
          "precision": 0.9389599317988064,
          "recall": 0.6122970869468535,
          "f1-score": 0.7412342687933239,
          "support": 8994.0
        },
        "1": {
          "precision": 0.15671100362756954,
          "recall": 0.6441351888667992,
          "f1-score": 0.2520910328729819,
          "support": 1006.0
        },
        "accuracy": 0.6155,
        "macro avg": {
          "precision": 0.547835467713188,
          "recall": 0.6282161379068263,
          "f1-score": 0.49666265083315286,
          "support": 10000.0
        },
        "weighted avg": {
          "precision": 0.8602656896247801,
          "recall": 0.6155,
          "f1-score": 0.6920264592597375,
          "support": 10000.0
        }
      },
      "test_confusion_matrix": [
        [
          5507,
          3487
        ],
        [
          358,
          648
        ]
      ]
    },
    {
      "experiment": "decision_tree_balanced",
      "model_type": "DecisionTreeClassifier",
      "train_samples": 80000,
      "train_positive_ratio": 0.100625,
      "val_accuracy": 0.7341,
      "val_precision_class_1": 0.22068266306184522,
      "val_recall_class_1": 0.6491053677932406,
      "val_f1_class_1": 0.3293820933165195,
      "test_accuracy": 0.7293,
      "test_precision_class_0": 0.9440598954654612,
      "test_recall_class_0": 0.7430509228374472,
      "test_f1_class_0": 0.8315809120885957,
      "test_precision_class_1": 0.20883259157822665,
      "test_recall_class_1": 0.6063618290258449,
      "test_f1_class_1": 0.3106697224344283,
      "test_macro_f1": 0.571125317261512,
      "test_weighted_f1": 0.7791772464093865,
      "tn": 6683,
      "fp": 2311,
      "fn": 396,
      "tp": 610,
      "val_report": {
        "0": {
          "precision": 0.9498650759835251,
          "recall": 0.7436068490104514,
          "f1-score": 0.8341752416588712,
          "support": 8994.0
        },
        "1": {
          "precision": 0.22068266306184522,
          "recall": 0.6491053677932406,
          "f1-score": 0.3293820933165195,
          "support": 1006.0
        },
        "accuracy": 0.7341,
        "macro avg": {
          "precision": 0.5852738695226851,
          "recall": 0.6963561084018459,
          "f1-score": 0.5817786674876954,
          "support": 10000.0
        },
        "weighted avg": {
          "precision": 0.8765093252436041,
          "recall": 0.7341,
          "f1-score": 0.7833930509356307,
          "support": 10000.0
        }
      },
      "test_report": {
        "0": {
          "precision": 0.9440598954654612,
          "recall": 0.7430509228374472,
          "f1-score": 0.8315809120885957,
          "support": 8994.0
        },
        "1": {
          "precision": 0.20883259157822665,
          "recall": 0.6063618290258449,
          "f1-score": 0.3106697224344283,
          "support": 1006.0
        },
        "accuracy": 0.7293,
        "macro avg": {
          "precision": 0.5764462435218439,
          "recall": 0.6747063759316461,
          "f1-score": 0.571125317261512,
          "support": 10000.0
        },
        "weighted avg": {
          "precision": 0.8700960286944055,
          "recall": 0.7293,
          "f1-score": 0.7791772464093865,
          "support": 10000.0
        }
      },
      "test_confusion_matrix": [
        [
          6683,
          2311
        ],
        [
          396,
          610
        ]
      ]
    },
    {
      "experiment": "decision_tree_smote",
      "model_type": "DecisionTreeClassifier",
      "train_samples": 143900,
      "train_positive_ratio": 0.5,
      "val_accuracy": 0.753,